State,2017 GDP per capita (RM),Employed person in Thousands
Pulau Pinang,49873,823.9
Sarawak,49327,1253.9
Selangor,48091,3359.0
Melaka,46015,406.1
Negeri Sembilan,41615,477.40000000000003
Pahang,35352,690.4
Johor,34362,1616.8
Terengganu,29347,438.4
Perak,29226,1013.4
Sabah,23979,1796.5
Perlis,23372,98.60000000000001
Kedah,20327,906.2
Kelantan,13593,675.9
Kuala Lumpur,28736,843.2
Labuan,83596,38.4
Putrajaya,18929,37.9
